<?xml version="1.0" encoding="UTF-8" standalone="yes"?>
<addon id="repo.traktr" name="Traktr Repository" version="1.0.1" provider-name="Seadog">
    <extension point="xbmc.addon.repository" name="Traktr Repository">
        <info>http://ignignokt.co.uk/script.traktr/repo/addons.xml</info>
        <checksum>http://ignignokt.co.uk/script.traktr/repo/addons.xml.md5</checksum>
        <datadir zip="true">http://ignignokt.co.uk/script.traktr/repo</datadir>
    </extension>
    <extension point="xbmc.addon.metadata">
        <summary lang="en">Traktr Repository</summary>
        <description lang="en">Contains the traktr script and allows it to stay updated</description>
        <platform>all</platform>
    </extension>
</addon>
