<window id="4568" type="dialog">
    <defaultcontrol always="true">104</defaultcontrol>
    <allowoverlay>yes</allowoverlay>
    <visible>true</visible>
	<coordinates>
		<system>1</system>
		<posx>510</posx>
		<posy>270</posy>
	</coordinates>
    <controls>
        <control type="image" id="98">
            <description>Scene</description>
            <posx>-510</posx>
            <posy>-250</posy>
            <width>1280</width>
            <height>720</height>
            <visible>true</visible>
            <colordiffuse>66ffffff</colordiffuse>
            <texture>w1x1.png</texture>
            <fadetime>20</fadetime>
            <aspectratio>scale</aspectratio>
        </control>
        <control type="image">
            <description>Header</description>
            <posx>0</posx>
            <posy>0</posy>
            <width>260</width>
            <height>50</height>
            <visible>true</visible>
            <colordiffuse>f6111111</colordiffuse>
            <texture>w1x1.png</texture>
            <fadetime>20</fadetime>
            <aspectratio>scale</aspectratio>
        </control>
        <control type="label" id="100">
            <description>Heading</description>
            <posx>0</posx>
            <posy>0</posy>
            <width>260</width>
            <height>50</height>
            <visible>true</visible>
            <align>center</align>
            <aligny>center</aligny>
            <angle>0</angle>
			<font>font12</font>
            <scroll>false</scroll>
            <haspath>false</haspath>
            <textcolor>ffffffff</textcolor>
            <shadowcolor>ff222222</shadowcolor>
            <wrapmultiline>false</wrapmultiline>
        </control>
        <control type="image">
            <description>Area 1</description>
            <posx>0</posx>
            <posy>50</posy>
            <width>260</width>
            <height>45</height>
            <visible>true</visible>
            <colordiffuse>cc222222</colordiffuse>
            <texture>w1x1.png</texture>
            <fadetime>20</fadetime>
            <aspectratio>scale</aspectratio>
        </control>
        <control type="image">
            <description>Area 2</description>
            <posx>0</posx>
            <posy>95</posy>
            <width>260</width>
            <height>120</height>
            <visible>true</visible>
            <colordiffuse>cc111111</colordiffuse>
            <texture>w1x1.png</texture>
            <fadetime>20</fadetime>
            <aspectratio>scale</aspectratio>
        </control>
        <control type="button" id="101">
            <description>Current not rated</description>
            <posx>20</posx>
            <posy>60</posy>
            <width>100</width>
            <height>25</height>
            <visible></visible>
            <texturefocus>current-no-rating.png</texturefocus>
            <texturenofocus diffuse="44000000">current-no-rating.png</texturenofocus>
            <colordiffuse>ffffffff</colordiffuse>
            <label>Unrated</label>
            <textcolor>ff666666</textcolor>
            <focusedcolor>ffffffff</focusedcolor>
            <disabledcolor>80ffffff</disabledcolor>
            <align>center</align>
            <aligny>center</aligny>
            <textoffsetx></textoffsetx>
            <textoffsety></textoffsety>
            <pulseonselect>true</pulseonselect>
            <onclick>-</onclick>
            <onfocus>-</onfocus>
            <onup>105</onup>
            <ondown>201</ondown>
            <onleft>104</onleft>
            <onright>104</onright>
			<font>font12</font>
        </control>
        <control type="button" id="102">
            <description>Current love</description>
            <posx>20</posx>
            <posy>60</posy>
            <width>100</width>
            <height>25</height>
            <visible></visible>
            <texturefocus>current-love.png</texturefocus>
            <texturenofocus diffuse="44000000">current-love.png</texturenofocus>
            <colordiffuse>ffffffff</colordiffuse>
            <label>  Unrate</label>
            <textcolor>ff666666</textcolor>
            <focusedcolor>ffffffff</focusedcolor>
            <disabledcolor>80ffffff</disabledcolor>
            <align>center</align>
            <aligny>center</aligny>
            <textoffsetx></textoffsetx>
            <textoffsety></textoffsety>
            <pulseonselect>true</pulseonselect>
            <onclick>-</onclick>
            <onfocus>-</onfocus>
            <onup>101</onup>
            <ondown>103</ondown>
            <onleft>101</onleft>
            <onright>103</onright>
			<font>font12</font>
        </control>
        <control type="button" id="103">
            <description>Current hate</description>
            <posx>20</posx>
            <posy>60</posy>
            <width>100</width>
            <height>25</height>
            <visible></visible>
            <texturefocus>current-hate.png</texturefocus>
            <texturenofocus diffuse="44000000">current-hate.png</texturenofocus>
            <colordiffuse>ffffffff</colordiffuse>
            <label>  Unrate</label>
            <textcolor>ff666666</textcolor>
            <focusedcolor>ffffffff</focusedcolor>
            <disabledcolor>80ffffff</disabledcolor>
            <align>center</align>
            <aligny>center</aligny>
            <textoffsetx></textoffsetx>
            <textoffsety></textoffsety>
            <pulseonselect>true</pulseonselect>
            <onclick>-</onclick>
            <onfocus>-</onfocus>
            <onup>102</onup>
            <ondown>105</ondown>
            <onleft>102</onleft>
            <onright>104</onright>
			<font>font12</font>
        </control>
        <control type="button" id="211">
            <description>Current Rate 1</description>
            <posx>20</posx>
            <posy>60</posy>
            <width>100</width>
            <height>25</height>
            <visible></visible>
            <texturefocus>current-1.png</texturefocus>
            <texturenofocus diffuse="44000000">current-1.png</texturenofocus>
            <colordiffuse>ffffffff</colordiffuse>
            <label>  Unrate</label>
            <textcolor>ff666666</textcolor>
            <focusedcolor>ffffffff</focusedcolor>
            <disabledcolor>80ffffff</disabledcolor>
            <align>center</align>
            <aligny>center</aligny>
            <textoffsetx></textoffsetx>
            <textoffsety></textoffsety>
            <pulseonselect>true</pulseonselect>
            <onclick>-</onclick>
            <onfocus>-</onfocus>
            <onup>102</onup>
            <ondown>105</ondown>
            <onleft>102</onleft>
            <onright>104</onright>
            <font>font12</font>
        </control>
        <control type="button" id="212">
            <description>Current Rate 2</description>
            <posx>20</posx>
            <posy>60</posy>
            <width>100</width>
            <height>25</height>
            <visible></visible>
            <texturefocus>current-2.png</texturefocus>
            <texturenofocus diffuse="44000000">current-2.png</texturenofocus>
            <colordiffuse>ffffffff</colordiffuse>
            <label>  Unrate</label>
            <textcolor>ff666666</textcolor>
            <focusedcolor>ffffffff</focusedcolor>
            <disabledcolor>80ffffff</disabledcolor>
            <align>center</align>
            <aligny>center</aligny>
            <textoffsetx></textoffsetx>
            <textoffsety></textoffsety>
            <pulseonselect>true</pulseonselect>
            <onclick>-</onclick>
            <onfocus>-</onfocus>
            <onup>102</onup>
            <ondown>105</ondown>
            <onleft>102</onleft>
            <onright>104</onright>
            <font>font12</font>
        </control>
        <control type="button" id="213">
            <description>Current Rate 3</description>
            <posx>20</posx>
            <posy>60</posy>
            <width>100</width>
            <height>25</height>
            <visible></visible>
            <texturefocus>current-3.png</texturefocus>
            <texturenofocus diffuse="44000000">current-3.png</texturenofocus>
            <colordiffuse>ffffffff</colordiffuse>
            <label>  Unrate</label>
            <textcolor>ff666666</textcolor>
            <focusedcolor>ffffffff</focusedcolor>
            <disabledcolor>80ffffff</disabledcolor>
            <align>center</align>
            <aligny>center</aligny>
            <textoffsetx></textoffsetx>
            <textoffsety></textoffsety>
            <pulseonselect>true</pulseonselect>
            <onclick>-</onclick>
            <onfocus>-</onfocus>
            <onup>102</onup>
            <ondown>105</ondown>
            <onleft>102</onleft>
            <onright>104</onright>
            <font>font12</font>
        </control>
        <control type="button" id="214">
            <description>Current Rate 4</description>
            <posx>20</posx>
            <posy>60</posy>
            <width>100</width>
            <height>25</height>
            <visible></visible>
            <texturefocus>current-4.png</texturefocus>
            <texturenofocus diffuse="44000000">current-4.png</texturenofocus>
            <colordiffuse>ffffffff</colordiffuse>
            <label>  Unrate</label>
            <textcolor>ff666666</textcolor>
            <focusedcolor>ffffffff</focusedcolor>
            <disabledcolor>80ffffff</disabledcolor>
            <align>center</align>
            <aligny>center</aligny>
            <textoffsetx></textoffsetx>
            <textoffsety></textoffsety>
            <pulseonselect>true</pulseonselect>
            <onclick>-</onclick>
            <onfocus>-</onfocus>
            <onup>102</onup>
            <ondown>105</ondown>
            <onleft>102</onleft>
            <onright>104</onright>
            <font>font12</font>
        </control>
        <control type="button" id="215">
            <description>Current Rate 5</description>
            <posx>20</posx>
            <posy>60</posy>
            <width>100</width>
            <height>25</height>
            <visible></visible>
            <texturefocus>current-5.png</texturefocus>
            <texturenofocus diffuse="44000000">current-5.png</texturenofocus>
            <colordiffuse>ffffffff</colordiffuse>
            <label>  Unrate</label>
            <textcolor>ff666666</textcolor>
            <focusedcolor>ffffffff</focusedcolor>
            <disabledcolor>80ffffff</disabledcolor>
            <align>center</align>
            <aligny>center</aligny>
            <textoffsetx></textoffsetx>
            <textoffsety></textoffsety>
            <pulseonselect>true</pulseonselect>
            <onclick>-</onclick>
            <onfocus>-</onfocus>
            <onup>102</onup>
            <ondown>105</ondown>
            <onleft>102</onleft>
            <onright>104</onright>
            <font>font12</font>
        </control>
        <control type="button" id="216">
            <description>Current Rate 6</description>
            <posx>20</posx>
            <posy>60</posy>
            <width>100</width>
            <height>25</height>
            <visible></visible>
            <texturefocus>current-6.png</texturefocus>
            <texturenofocus diffuse="44000000">current-6.png</texturenofocus>
            <colordiffuse>ffffffff</colordiffuse>
            <label>  Unrate</label>
            <textcolor>ff666666</textcolor>
            <focusedcolor>ffffffff</focusedcolor>
            <disabledcolor>80ffffff</disabledcolor>
            <align>center</align>
            <aligny>center</aligny>
            <textoffsetx></textoffsetx>
            <textoffsety></textoffsety>
            <pulseonselect>true</pulseonselect>
            <onclick>-</onclick>
            <onfocus>-</onfocus>
            <onup>102</onup>
            <ondown>105</ondown>
            <onleft>102</onleft>
            <onright>104</onright>
            <font>font12</font>
        </control>
        <control type="button" id="217">
            <description>Current Rate 7</description>
            <posx>20</posx>
            <posy>60</posy>
            <width>100</width>
            <height>25</height>
            <visible></visible>
            <texturefocus>current-7.png</texturefocus>
            <texturenofocus diffuse="44000000">current-7.png</texturenofocus>
            <colordiffuse>ffffffff</colordiffuse>
            <label>  Unrate</label>
            <textcolor>ff666666</textcolor>
            <focusedcolor>ffffffff</focusedcolor>
            <disabledcolor>80ffffff</disabledcolor>
            <align>center</align>
            <aligny>center</aligny>
            <textoffsetx></textoffsetx>
            <textoffsety></textoffsety>
            <pulseonselect>true</pulseonselect>
            <onclick>-</onclick>
            <onfocus>-</onfocus>
            <onup>102</onup>
            <ondown>105</ondown>
            <onleft>102</onleft>
            <onright>104</onright>
            <font>font12</font>
        </control>
        <control type="button" id="218">
            <description>Current Rate 8</description>
            <posx>20</posx>
            <posy>60</posy>
            <width>100</width>
            <height>25</height>
            <visible></visible>
            <texturefocus>current-8.png</texturefocus>
            <texturenofocus diffuse="44000000">current-8.png</texturenofocus>
            <colordiffuse>ffffffff</colordiffuse>
            <label>  Unrate</label>
            <textcolor>ff666666</textcolor>
            <focusedcolor>ffffffff</focusedcolor>
            <disabledcolor>80ffffff</disabledcolor>
            <align>center</align>
            <aligny>center</aligny>
            <textoffsetx></textoffsetx>
            <textoffsety></textoffsety>
            <pulseonselect>true</pulseonselect>
            <onclick>-</onclick>
            <onfocus>-</onfocus>
            <onup>102</onup>
            <ondown>105</ondown>
            <onleft>102</onleft>
            <onright>104</onright>
            <font>font12</font>
        </control>
        <control type="button" id="219">
            <description>Current Rate 9</description>
            <posx>20</posx>
            <posy>60</posy>
            <width>100</width>
            <height>25</height>
            <visible></visible>
            <texturefocus>current-9.png</texturefocus>
            <texturenofocus diffuse="44000000">current-9.png</texturenofocus>
            <colordiffuse>ffffffff</colordiffuse>
            <label>  Unrate</label>
            <textcolor>ff666666</textcolor>
            <focusedcolor>ffffffff</focusedcolor>
            <disabledcolor>80ffffff</disabledcolor>
            <align>center</align>
            <aligny>center</aligny>
            <textoffsetx></textoffsetx>
            <textoffsety></textoffsety>
            <pulseonselect>true</pulseonselect>
            <onclick>-</onclick>
            <onfocus>-</onfocus>
            <onup>102</onup>
            <ondown>105</ondown>
            <onleft>102</onleft>
            <onright>104</onright>
            <font>font12</font>
        </control>
        <control type="button" id="220">
            <description>Current Rate 10</description>
            <posx>20</posx>
            <posy>60</posy>
            <width>100</width>
            <height>25</height>
            <visible></visible>
            <texturefocus>current-10.png</texturefocus>
            <texturenofocus diffuse="44000000">current-10.png</texturenofocus>
            <colordiffuse>ffffffff</colordiffuse>
            <label>  Unrate</label>
            <textcolor>ff666666</textcolor>
            <focusedcolor>ffffffff</focusedcolor>
            <disabledcolor>80ffffff</disabledcolor>
            <align>center</align>
            <aligny>center</aligny>
            <textoffsetx></textoffsetx>
            <textoffsety></textoffsety>
            <pulseonselect>true</pulseonselect>
            <onclick>-</onclick>
            <onfocus>-</onfocus>
            <onup>102</onup>
            <ondown>105</ondown>
            <onleft>102</onleft>
            <onright>104</onright>
            <font>font12</font>
        </control>
        <control type="button" id="104">
            <description>Skip</description>
            <posx>140</posx>
            <posy>60</posy>
            <width>100</width>
            <height>25</height>
            <visible>true</visible>
            <texturefocus>skip-rating.png</texturefocus>
            <texturenofocus diffuse="44000000">skip-rating.png</texturenofocus>
            <colordiffuse>ffffffff</colordiffuse>
            <label></label>
            <textcolor>ff666666</textcolor>
            <focusedcolor>ffffffff</focusedcolor>
            <disabledcolor>80ffffff</disabledcolor>
            <align>center</align>
            <aligny>center</aligny>
            <textoffsetx></textoffsetx>
            <textoffsety></textoffsety>
            <pulseonselect>true</pulseonselect>
            <onclick>-</onclick>
            <onfocus>-</onfocus>
            <onup>106</onup>
            <ondown>201</ondown>
            <onleft>101</onleft>
            <onright>101</onright>
			<font>font12</font>
        </control>
        <control type="button" id="105">
            <description>Love</description>
            <posx>20</posx>
            <posy>125</posy>
            <width>100</width>
            <height>75</height>
            <visible>true</visible>
            <texturefocus>love.png</texturefocus>
            <texturenofocus diffuse="44000000">love_f.png</texturenofocus>
            <colordiffuse>ffffffff</colordiffuse>
            <label></label>
            <textcolor>ffffffff</textcolor>
            <focusedcolor>ffaaaaaa</focusedcolor>
            <disabledcolor>80ffffff</disabledcolor>
            <align></align>
            <aligny></aligny>
            <textoffsetx></textoffsetx>
            <textoffsety></textoffsety>
            <pulseonselect>true</pulseonselect>
            <onclick>-</onclick>
            <onfocus>-</onfocus>
            <onup>201</onup>
            <ondown>108</ondown>
            <onleft>106</onleft>
            <onright>106</onright>
        </control>
        <control type="button" id="106">
            <description>Hate</description>
            <posx>140</posx>
            <posy>125</posy>
            <width>100</width>
            <height>75</height>
            <visible>true</visible>
            <texturefocus>hate.png</texturefocus>
            <texturenofocus diffuse="44000000">hate_f.png</texturenofocus>
            <colordiffuse>ffffffff</colordiffuse>
            <label></label>
            <textcolor>ffffffff</textcolor>
            <disabledcolor>80ffffff</disabledcolor>
            <focusedcolor>ffffffff</focusedcolor>
            <align></align>
            <aligny></aligny>
            <textoffsetx></textoffsetx>
            <textoffsety></textoffsety>
            <pulseonselect>true</pulseonselect>
            <onclick>-</onclick>
            <onfocus>-</onfocus>
            <onup>201</onup>
            <ondown>108</ondown>
            <onleft>105</onleft>
            <onright>105</onright>
        </control>
        <control type="image" id="107">
            <description>extention for rate show button</description>
            <posx>0</posx>
            <posy>210</posy>
            <width>260</width>
            <height>50</height>
            <colordiffuse>F6111111</colordiffuse>
            <texture>w1x1.png</texture>
        </control>
        <control type="button" id="108">
            <description>Rate show</description>
            <posx>0</posx>
            <posy>210</posy>
            <width>260</width>
            <height>50</height>
            <angle>0</angle>
            <align>center</align>
            <aligny>center</aligny>
            <textoffsetx></textoffsetx>
            <textoffsety></textoffsety>
		<font>font13</font>
            <colordiffuse>FFFFFFFF</colordiffuse>
            <textcolor>FF666666</textcolor>
            <focusedcolor>FFAAAAAA</focusedcolor>
            <texturefocus></texturefocus>
            <texturenofocus></texturenofocus>
            <onup>102</onup>
            <ondown>101</ondown>
            <onleft>105</onleft>
            <onright>105</onright>
        </control>
        <control type="button" id="201">
            <description>Rate1</description>
            <posx>20</posx>
            <posy>105</posy>
            <width>20</width>
            <height>15</height>
            <visible>true</visible>
            <texturefocus>rate1.png</texturefocus>
            <texturenofocus diffuse="44000000">love_f.png</texturenofocus>
            <colordiffuse>ffffffff</colordiffuse>
            <label></label>
            <textcolor>ffffffff</textcolor>
            <focusedcolor>ffaaaaaa</focusedcolor>
            <disabledcolor>80ffffff</disabledcolor>
            <align></align>
            <aligny></aligny>
            <textoffsetx></textoffsetx>
            <textoffsety></textoffsety>
            <pulseonselect>true</pulseonselect>
            <onclick>-</onclick>
            <onfocus>-</onfocus>
            <onup>101</onup>
            <ondown>105</ondown>
            <onleft>210</onleft>
            <onright>202</onright>
        </control>
        <control type="button" id="202">
            <description>Rate2</description>
            <posx>42</posx>
            <posy>105</posy>
            <width>20</width>
            <height>15</height>
            <visible>true</visible>
            <texturefocus>rate2.png</texturefocus>
            <texturenofocus diffuse="44000000">love_f.png</texturenofocus>
            <colordiffuse>ffffffff</colordiffuse>
            <label></label>
            <textcolor>ffffffff</textcolor>
            <focusedcolor>ffaaaaaa</focusedcolor>
            <disabledcolor>80ffffff</disabledcolor>
            <align></align>
            <aligny></aligny>
            <textoffsetx></textoffsetx>
            <textoffsety></textoffsety>
            <pulseonselect>true</pulseonselect>
            <onclick>-</onclick>
            <onfocus>-</onfocus>
            <onup>101</onup>
            <ondown>105</ondown>
            <onleft>201</onleft>
            <onright>203</onright>
        </control>
        <control type="button" id="203">
            <description>Rate3</description>
            <posx>64</posx>
            <posy>105</posy>
            <width>20</width>
            <height>15</height>
            <visible>true</visible>
            <texturefocus>rate3.png</texturefocus>
            <texturenofocus diffuse="44000000">love_f.png</texturenofocus>
            <colordiffuse>ffffffff</colordiffuse>
            <label></label>
            <textcolor>ffffffff</textcolor>
            <focusedcolor>ffaaaaaa</focusedcolor>
            <disabledcolor>80ffffff</disabledcolor>
            <align></align>
            <aligny></aligny>
            <textoffsetx></textoffsetx>
            <textoffsety></textoffsety>
            <pulseonselect>true</pulseonselect>
            <onclick>-</onclick>
            <onfocus>-</onfocus>
            <onup>101</onup>
            <ondown>105</ondown>
            <onleft>202</onleft>
            <onright>204</onright>
        </control>
        <control type="button" id="204">
            <description>Rate4</description>
            <posx>86</posx>
            <posy>105</posy>
            <width>20</width>
            <height>15</height>
            <visible>true</visible>
            <texturefocus>rate4.png</texturefocus>
            <texturenofocus diffuse="44000000">love_f.png</texturenofocus>
            <colordiffuse>ffffffff</colordiffuse>
            <label></label>
            <textcolor>ffffffff</textcolor>
            <focusedcolor>ffaaaaaa</focusedcolor>
            <disabledcolor>80ffffff</disabledcolor>
            <align></align>
            <aligny></aligny>
            <textoffsetx></textoffsetx>
            <textoffsety></textoffsety>
            <pulseonselect>true</pulseonselect>
            <onclick>-</onclick>
            <onfocus>-</onfocus>
            <onup>101</onup>
            <ondown>105</ondown>
            <onleft>203</onleft>
            <onright>205</onright>
        </control>
        <control type="button" id="205">
            <description>Rate5</description>
            <posx>108</posx>
            <posy>105</posy>
            <width>20</width>
            <height>15</height>
            <visible>true</visible>
            <texturefocus>rate5.png</texturefocus>
            <texturenofocus diffuse="44000000">love_f.png</texturenofocus>
            <colordiffuse>ffffffff</colordiffuse>
            <label></label>
            <textcolor>ffffffff</textcolor>
            <focusedcolor>ffaaaaaa</focusedcolor>
            <disabledcolor>80ffffff</disabledcolor>
            <align></align>
            <aligny></aligny>
            <textoffsetx></textoffsetx>
            <textoffsety></textoffsety>
            <pulseonselect>true</pulseonselect>
            <onclick>-</onclick>
            <onfocus>-</onfocus>
            <onup>101</onup>
            <ondown>105</ondown>
            <onleft>204</onleft>
            <onright>206</onright>
        </control>
        <control type="button" id="206">
            <description>Rate6</description>
            <posx>130</posx>
            <posy>105</posy>
            <width>20</width>
            <height>15</height>
            <visible>true</visible>
            <texturefocus>rate6.png</texturefocus>
            <texturenofocus diffuse="44000000">love_f.png</texturenofocus>
            <colordiffuse>ffffffff</colordiffuse>
            <label></label>
            <textcolor>ffffffff</textcolor>
            <focusedcolor>ffaaaaaa</focusedcolor>
            <disabledcolor>80ffffff</disabledcolor>
            <align></align>
            <aligny></aligny>
            <textoffsetx></textoffsetx>
            <textoffsety></textoffsety>
            <pulseonselect>true</pulseonselect>
            <onclick>-</onclick>
            <onfocus>-</onfocus>
            <onup>101</onup>
            <ondown>105</ondown>
            <onleft>205</onleft>
            <onright>207</onright>
        </control>
        <control type="button" id="207">
            <description>Rate7</description>
            <posx>152</posx>
            <posy>105</posy>
            <width>20</width>
            <height>15</height>
            <visible>true</visible>
            <texturefocus>rate7.png</texturefocus>
            <texturenofocus diffuse="44000000">love_f.png</texturenofocus>
            <colordiffuse>ffffffff</colordiffuse>
            <label></label>
            <textcolor>ffffffff</textcolor>
            <focusedcolor>ffaaaaaa</focusedcolor>
            <disabledcolor>80ffffff</disabledcolor>
            <align></align>
            <aligny></aligny>
            <textoffsetx></textoffsetx>
            <textoffsety></textoffsety>
            <pulseonselect>true</pulseonselect>
            <onclick>-</onclick>
            <onfocus>-</onfocus>
            <onup>101</onup>
            <ondown>105</ondown>
            <onleft>206</onleft>
            <onright>208</onright>
        </control>
        <control type="button" id="208">
            <description>Rate8</description>
            <posx>176</posx>
            <posy>105</posy>
            <width>20</width>
            <height>15</height>
            <visible>true</visible>
            <texturefocus>rate8.png</texturefocus>
            <texturenofocus diffuse="44000000">love_f.png</texturenofocus>
            <colordiffuse>ffffffff</colordiffuse>
            <label></label>
            <textcolor>ffffffff</textcolor>
            <focusedcolor>ffaaaaaa</focusedcolor>
            <disabledcolor>80ffffff</disabledcolor>
            <align></align>
            <aligny></aligny>
            <textoffsetx></textoffsetx>
            <textoffsety></textoffsety>
            <pulseonselect>true</pulseonselect>
            <onclick>-</onclick>
            <onfocus>-</onfocus>
            <onup>101</onup>
            <ondown>105</ondown>
            <onleft>207</onleft>
            <onright>209</onright>
        </control>
        <control type="button" id="209">
            <description>Rate9</description>
            <posx>198</posx>
            <posy>105</posy>
            <width>20</width>
            <height>15</height>
            <visible>true</visible>
            <texturefocus>rate9.png</texturefocus>
            <texturenofocus diffuse="44000000">love_f.png</texturenofocus>
            <colordiffuse>ffffffff</colordiffuse>
            <label></label>
            <textcolor>ffffffff</textcolor>
            <focusedcolor>ffaaaaaa</focusedcolor>
            <disabledcolor>80ffffff</disabledcolor>
            <align></align>
            <aligny></aligny>
            <textoffsetx></textoffsetx>
            <textoffsety></textoffsety>
            <pulseonselect>true</pulseonselect>
            <onclick>-</onclick>
            <onfocus>-</onfocus>
            <onup>101</onup>
            <ondown>105</ondown>
            <onleft>208</onleft>
            <onright>210</onright>
        </control>
        <control type="button" id="210">
            <description>Rate10</description>
            <posx>220</posx>
            <posy>105</posy>
            <width>20</width>
            <height>15</height>
            <visible>true</visible>
            <texturefocus>rate10.png</texturefocus>
            <texturenofocus diffuse="44000000">love_f.png</texturenofocus>
            <colordiffuse>ffffffff</colordiffuse>
            <label></label>
            <textcolor>ffffffff</textcolor>
            <focusedcolor>ffaaaaaa</focusedcolor>
            <disabledcolor>80ffffff</disabledcolor>
            <align></align>
            <aligny></aligny>
            <textoffsetx></textoffsetx>
            <textoffsety></textoffsety>
            <pulseonselect>true</pulseonselect>
            <onclick>-</onclick>
            <onfocus>-</onfocus>
            <onup>101</onup>
            <ondown>105</ondown>
            <onleft>209</onleft>
            <onright>201</onright>
        </control>
    </controls>
</window>
